"Wed Jan 11 04:49:11 +0000 2023",257,"en"
"Wed Jan 11 04:49:10 +0000 2023",20613,"en"
"Wed Jan 11 04:49:10 +0000 2023",882,"en"
"Wed Jan 11 04:49:10 +0000 2023",18722,"en"
"Wed Jan 11 04:49:10 +0000 2023",51,"en"
"Wed Jan 11 04:49:10 +0000 2023",0,"en"
"Wed Jan 11 04:49:10 +0000 2023",17321,"en"
"Wed Jan 11 04:49:09 +0000 2023",7,"en"
"Wed Jan 11 04:49:09 +0000 2023",0,"en"
"Wed Jan 11 04:49:09 +0000 2023",1945,"en"
"Wed Jan 11 04:49:09 +0000 2023",99,"en"
"Wed Jan 11 04:49:09 +0000 2023",6,"en"
"Wed Jan 11 04:49:09 +0000 2023",8976,"en"
"Wed Jan 11 04:49:09 +0000 2023",92,"en"
"Wed Jan 11 04:49:08 +0000 2023",93,"en"
"Wed Jan 11 04:49:08 +0000 2023",0,"en"
"Wed Jan 11 04:49:08 +0000 2023",3842,"en"
"Wed Jan 11 04:49:08 +0000 2023",1,"en"
"Wed Jan 11 04:49:08 +0000 2023",16,"en"
"Wed Jan 11 04:49:08 +0000 2023",0,"en"
"Wed Jan 11 04:49:07 +0000 2023",924,"en"
"Wed Jan 11 04:49:06 +0000 2023",792,"en"
"Wed Jan 11 04:49:06 +0000 2023",133,"en"
"Wed Jan 11 04:49:06 +0000 2023",2611,"en"
"Wed Jan 11 04:49:06 +0000 2023",277,"en"
"Wed Jan 11 04:49:05 +0000 2023",88,"en"
"Wed Jan 11 04:49:05 +0000 2023",2314,"en"
"Wed Jan 11 04:49:05 +0000 2023",26,"en"
"Wed Jan 11 04:49:05 +0000 2023",51,"en"
"Wed Jan 11 04:49:05 +0000 2023",0,"en"
"Wed Jan 11 04:49:04 +0000 2023",67,"en"
"Wed Jan 11 04:49:04 +0000 2023",0,"en"
"Wed Jan 11 04:49:04 +0000 2023",1095,"en"
"Wed Jan 11 04:49:04 +0000 2023",0,"en"
"Wed Jan 11 04:49:04 +0000 2023",8976,"en"
"Wed Jan 11 04:49:03 +0000 2023",3843,"en"
"Wed Jan 11 04:49:03 +0000 2023",2259,"en"
"Wed Jan 11 04:49:02 +0000 2023",271,"en"
"Wed Jan 11 04:49:02 +0000 2023",383,"en"
"Wed Jan 11 04:49:01 +0000 2023",150,"en"
"Wed Jan 11 04:49:01 +0000 2023",4233,"en"
"Wed Jan 11 04:49:01 +0000 2023",1945,"en"
"Wed Jan 11 04:49:01 +0000 2023",1346,"en"
"Wed Jan 11 04:49:01 +0000 2023",104,"en"
"Wed Jan 11 04:49:01 +0000 2023",48,"en"
"Wed Jan 11 04:49:00 +0000 2023",287,"en"
"Wed Jan 11 04:49:00 +0000 2023",1346,"en"
"Wed Jan 11 04:49:00 +0000 2023",0,"en"
"Wed Jan 11 04:48:59 +0000 2023",0,"en"
"Wed Jan 11 04:48:58 +0000 2023",20613,"en"
"Wed Jan 11 04:48:58 +0000 2023",13,"en"
"Wed Jan 11 04:48:58 +0000 2023",0,"en"
"Wed Jan 11 04:48:58 +0000 2023",0,"en"
"Wed Jan 11 04:48:58 +0000 2023",482,"en"
"Wed Jan 11 04:48:58 +0000 2023",0,"en"
"Wed Jan 11 04:48:57 +0000 2023",41,"en"
"Wed Jan 11 04:48:57 +0000 2023",113,"en"
"Wed Jan 11 04:48:56 +0000 2023",1346,"en"
"Wed Jan 11 04:48:56 +0000 2023",1,"en"
"Wed Jan 11 04:48:56 +0000 2023",5533,"en"
"Wed Jan 11 04:48:56 +0000 2023",927,"en"
"Wed Jan 11 04:48:56 +0000 2023",389,"en"
"Wed Jan 11 04:48:56 +0000 2023",0,"en"
"Wed Jan 11 04:48:55 +0000 2023",14,"en"
"Wed Jan 11 04:48:55 +0000 2023",3307,"en"
"Wed Jan 11 04:48:55 +0000 2023",389,"en"
"Wed Jan 11 04:48:54 +0000 2023",269,"en"
"Wed Jan 11 04:48:54 +0000 2023",793,"en"
"Wed Jan 11 04:48:54 +0000 2023",0,"en"
"Wed Jan 11 04:48:54 +0000 2023",882,"en"
"Wed Jan 11 04:48:54 +0000 2023",77,"en"
"Wed Jan 11 04:48:53 +0000 2023",6,"en"
"Wed Jan 11 04:48:53 +0000 2023",242,"en"
"Wed Jan 11 04:48:53 +0000 2023",0,"en"
"Wed Jan 11 04:48:52 +0000 2023",0,"en"
"Wed Jan 11 04:48:52 +0000 2023",438,"en"
"Wed Jan 11 04:48:52 +0000 2023",0,"en"
"Wed Jan 11 04:48:51 +0000 2023",892,"en"
"Wed Jan 11 04:48:51 +0000 2023",3,"en"
"Wed Jan 11 04:48:51 +0000 2023",765,"en"
"Wed Jan 11 04:48:51 +0000 2023",20613,"en"
"Wed Jan 11 04:48:50 +0000 2023",41,"en"
"Wed Jan 11 04:48:50 +0000 2023",8976,"en"
"Wed Jan 11 04:48:49 +0000 2023",7721,"en"
"Wed Jan 11 04:48:49 +0000 2023",0,"en"
"Wed Jan 11 04:48:49 +0000 2023",8976,"en"
"Wed Jan 11 04:48:49 +0000 2023",0,"en"
"Wed Jan 11 04:48:49 +0000 2023",79,"en"
"Wed Jan 11 04:48:49 +0000 2023",150,"en"
"Wed Jan 11 04:48:49 +0000 2023",26,"en"
"Wed Jan 11 04:48:48 +0000 2023",228,"en"
"Wed Jan 11 04:48:48 +0000 2023",8976,"en"
"Wed Jan 11 04:48:47 +0000 2023",0,"en"
"Wed Jan 11 04:48:47 +0000 2023",3,"en"
"Wed Jan 11 04:48:47 +0000 2023",6,"en"
"Wed Jan 11 04:48:47 +0000 2023",5240,"en"
"Wed Jan 11 04:48:47 +0000 2023",765,"en"
"Wed Jan 11 04:48:47 +0000 2023",2314,"en"
"Wed Jan 11 04:48:46 +0000 2023",0,"en"
"Wed Jan 11 04:48:46 +0000 2023",0,"en"
"Wed Jan 11 04:48:46 +0000 2023",1095,"en"
"Wed Jan 11 04:48:46 +0000 2023",1248,"en"
"Wed Jan 11 04:48:46 +0000 2023",0,"en"
"Wed Jan 11 04:48:46 +0000 2023",670,"en"
"Wed Jan 11 04:48:45 +0000 2023",472,"en"
"Wed Jan 11 04:48:45 +0000 2023",0,"en"
"Wed Jan 11 04:48:45 +0000 2023",3,"en"
"Wed Jan 11 04:48:45 +0000 2023",882,"en"
"Wed Jan 11 04:48:44 +0000 2023",20613,"en"
"Wed Jan 11 04:48:44 +0000 2023",0,"en"
"Wed Jan 11 04:48:44 +0000 2023",0,"en"
"Wed Jan 11 04:48:44 +0000 2023",7607,"en"
"Wed Jan 11 04:48:44 +0000 2023",2611,"en"
"Wed Jan 11 04:48:43 +0000 2023",10,"en"
"Wed Jan 11 04:48:43 +0000 2023",882,"en"
"Wed Jan 11 04:48:43 +0000 2023",3,"en"
"Wed Jan 11 04:48:43 +0000 2023",7607,"en"
"Wed Jan 11 04:48:42 +0000 2023",350,"en"
"Wed Jan 11 04:48:42 +0000 2023",1945,"en"
"Wed Jan 11 04:48:42 +0000 2023",670,"en"
"Wed Jan 11 04:48:42 +0000 2023",66,"en"
"Wed Jan 11 04:48:42 +0000 2023",62,"en"
"Wed Jan 11 04:48:41 +0000 2023",150,"en"
"Wed Jan 11 04:48:41 +0000 2023",0,"en"
"Wed Jan 11 04:48:41 +0000 2023",1715,"en"
"Wed Jan 11 04:48:41 +0000 2023",0,"en"
"Wed Jan 11 04:48:40 +0000 2023",1,"en"
"Wed Jan 11 04:48:40 +0000 2023",0,"en"
"Wed Jan 11 04:48:40 +0000 2023",0,"en"
"Wed Jan 11 04:48:40 +0000 2023",1512,"en"
"Wed Jan 11 04:48:40 +0000 2023",283,"en"
"Wed Jan 11 04:48:39 +0000 2023",3,"en"
"Wed Jan 11 04:48:39 +0000 2023",7607,"en"
"Wed Jan 11 04:48:39 +0000 2023",4420,"en"
"Wed Jan 11 04:48:39 +0000 2023",118,"en"
"Wed Jan 11 04:48:39 +0000 2023",4420,"en"
"Wed Jan 11 04:48:38 +0000 2023",0,"en"
"Wed Jan 11 04:48:38 +0000 2023",43,"en"
"Wed Jan 11 04:48:38 +0000 2023",5533,"en"
"Wed Jan 11 04:48:38 +0000 2023",8976,"en"
"Wed Jan 11 04:48:38 +0000 2023",7721,"en"
"Wed Jan 11 04:48:38 +0000 2023",0,"en"
"Wed Jan 11 04:48:38 +0000 2023",61,"en"
"Wed Jan 11 04:48:38 +0000 2023",63,"en"
"Wed Jan 11 04:48:38 +0000 2023",1260,"en"
"Wed Jan 11 04:48:37 +0000 2023",1,"en"
"Wed Jan 11 04:48:37 +0000 2023",260,"en"
"Wed Jan 11 04:48:37 +0000 2023",0,"en"
"Wed Jan 11 04:48:37 +0000 2023",7607,"en"
"Wed Jan 11 04:48:37 +0000 2023",142,"en"
"Wed Jan 11 04:48:37 +0000 2023",2611,"en"
"Wed Jan 11 04:48:35 +0000 2023",0,"en"
"Wed Jan 11 04:48:35 +0000 2023",1346,"en"
"Wed Jan 11 04:48:35 +0000 2023",765,"en"
"Wed Jan 11 04:48:35 +0000 2023",1,"en"
"Wed Jan 11 04:48:34 +0000 2023",17,"en"
"Wed Jan 11 04:48:34 +0000 2023",1946,"en"
"Wed Jan 11 04:48:34 +0000 2023",3,"en"
"Wed Jan 11 04:48:34 +0000 2023",0,"en"
"Wed Jan 11 04:48:33 +0000 2023",55,"en"
"Wed Jan 11 04:48:33 +0000 2023",0,"en"
"Wed Jan 11 04:48:33 +0000 2023",0,"en"
"Wed Jan 11 04:48:33 +0000 2023",66,"en"
"Wed Jan 11 04:48:32 +0000 2023",490,"en"
"Wed Jan 11 04:48:32 +0000 2023",2737,"en"
"Wed Jan 11 04:48:32 +0000 2023",7607,"en"
"Wed Jan 11 04:48:32 +0000 2023",69,"en"
"Wed Jan 11 04:48:32 +0000 2023",2980,"en"
"Wed Jan 11 04:48:32 +0000 2023",146,"en"
"Wed Jan 11 04:48:32 +0000 2023",0,"en"
"Wed Jan 11 04:48:31 +0000 2023",2806,"en"
"Wed Jan 11 04:48:30 +0000 2023",51,"en"
"Wed Jan 11 04:48:30 +0000 2023",240,"en"
"Wed Jan 11 04:48:30 +0000 2023",0,"en"
"Wed Jan 11 04:48:30 +0000 2023",3843,"en"
"Wed Jan 11 04:48:30 +0000 2023",60,"en"
"Wed Jan 11 04:48:30 +0000 2023",0,"en"
"Wed Jan 11 04:48:30 +0000 2023",15,"en"
"Wed Jan 11 04:48:29 +0000 2023",350,"en"
"Wed Jan 11 04:48:29 +0000 2023",2314,"en"
"Wed Jan 11 04:48:29 +0000 2023",0,"en"
"Wed Jan 11 04:48:29 +0000 2023",2980,"en"
"Wed Jan 11 04:48:29 +0000 2023",66,"en"
"Wed Jan 11 04:48:28 +0000 2023",189,"en"
"Wed Jan 11 04:48:28 +0000 2023",0,"en"
"Wed Jan 11 04:48:28 +0000 2023",83,"en"
"Wed Jan 11 04:48:28 +0000 2023",45,"en"
"Wed Jan 11 04:48:28 +0000 2023",7721,"en"
"Wed Jan 11 04:48:27 +0000 2023",4,"en"
"Wed Jan 11 04:48:26 +0000 2023",2314,"en"
"Wed Jan 11 04:48:26 +0000 2023",793,"en"
"Wed Jan 11 04:48:26 +0000 2023",23,"en"
"Wed Jan 11 04:48:26 +0000 2023",1346,"en"
"Wed Jan 11 04:48:26 +0000 2023",2980,"en"
"Wed Jan 11 04:48:26 +0000 2023",6,"en"
"Wed Jan 11 04:48:25 +0000 2023",7607,"en"
"Wed Jan 11 04:48:25 +0000 2023",77,"en"
"Wed Jan 11 04:48:25 +0000 2023",13,"en"
"Wed Jan 11 04:48:25 +0000 2023",5240,"en"
"Wed Jan 11 04:48:25 +0000 2023",4,"en"
"Wed Jan 11 04:48:25 +0000 2023",7721,"en"
"Wed Jan 11 04:48:24 +0000 2023",2611,"en"
"Wed Jan 11 04:48:24 +0000 2023",1,"en"
"Wed Jan 11 04:48:24 +0000 2023",0,"en"
"Wed Jan 11 04:48:24 +0000 2023",5533,"en"
"Wed Jan 11 04:48:23 +0000 2023",1438,"en"
"Wed Jan 11 04:48:23 +0000 2023",1260,"en"
"Wed Jan 11 04:48:22 +0000 2023",0,"en"
"Wed Jan 11 04:48:22 +0000 2023",7721,"en"
"Wed Jan 11 04:48:22 +0000 2023",2488,"en"
"Wed Jan 11 04:48:22 +0000 2023",762,"en"
"Wed Jan 11 04:48:21 +0000 2023",5,"en"
"Wed Jan 11 04:48:21 +0000 2023",3843,"en"
"Wed Jan 11 04:48:21 +0000 2023",11,"en"
"Wed Jan 11 04:48:20 +0000 2023",0,"en"
"Wed Jan 11 04:48:20 +0000 2023",146,"en"
"Wed Jan 11 04:48:20 +0000 2023",735,"en"
"Wed Jan 11 04:48:20 +0000 2023",8820,"en"
"Wed Jan 11 04:48:20 +0000 2023",670,"en"
"Wed Jan 11 04:48:19 +0000 2023",34,"en"
"Wed Jan 11 04:48:19 +0000 2023",83,"en"
"Wed Jan 11 04:48:18 +0000 2023",8,"en"
"Wed Jan 11 04:48:17 +0000 2023",7,"en"
"Wed Jan 11 04:48:17 +0000 2023",8977,"en"
"Wed Jan 11 04:48:17 +0000 2023",670,"en"
"Wed Jan 11 04:48:17 +0000 2023",0,"en"
"Wed Jan 11 04:48:16 +0000 2023",2,"en"
"Wed Jan 11 04:48:16 +0000 2023",2611,"en"
"Wed Jan 11 04:48:16 +0000 2023",1512,"en"
"Wed Jan 11 04:48:16 +0000 2023",0,"en"
"Wed Jan 11 04:48:16 +0000 2023",0,"en"
"Wed Jan 11 04:48:16 +0000 2023",5240,"en"
"Wed Jan 11 04:48:16 +0000 2023",2316,"en"
"Wed Jan 11 04:48:15 +0000 2023",354,"en"
"Wed Jan 11 04:48:15 +0000 2023",2314,"en"
"Wed Jan 11 04:48:15 +0000 2023",1,"en"
"Wed Jan 11 04:48:15 +0000 2023",2314,"en"
"Wed Jan 11 04:48:14 +0000 2023",789,"en"
"Wed Jan 11 04:48:14 +0000 2023",4777,"en"
"Wed Jan 11 04:48:14 +0000 2023",347,"en"
"Wed Jan 11 04:48:14 +0000 2023",7607,"en"
"Wed Jan 11 04:48:14 +0000 2023",195,"en"
"Wed Jan 11 04:48:14 +0000 2023",1095,"en"
"Wed Jan 11 04:48:13 +0000 2023",7,"en"
"Wed Jan 11 04:48:13 +0000 2023",2314,"en"
"Wed Jan 11 04:48:13 +0000 2023",17321,"en"
"Wed Jan 11 04:48:13 +0000 2023",0,"en"
"Wed Jan 11 04:48:13 +0000 2023",0,"en"
"Wed Jan 11 04:48:12 +0000 2023",2611,"en"
"Wed Jan 11 04:48:12 +0000 2023",8,"en"
"Wed Jan 11 04:48:12 +0000 2023",28920,"en"
"Wed Jan 11 04:48:12 +0000 2023",3843,"en"
"Wed Jan 11 04:48:12 +0000 2023",1346,"en"
"Wed Jan 11 04:48:11 +0000 2023",892,"en"
"Wed Jan 11 04:48:11 +0000 2023",390,"en"
"Wed Jan 11 04:48:10 +0000 2023",416,"en"
"Wed Jan 11 04:48:10 +0000 2023",253,"en"
"Wed Jan 11 04:48:10 +0000 2023",2330,"en"
"Wed Jan 11 04:48:10 +0000 2023",120,"en"
"Wed Jan 11 04:48:10 +0000 2023",0,"en"
"Wed Jan 11 04:48:10 +0000 2023",5,"en"
"Wed Jan 11 04:48:09 +0000 2023",293,"en"
"Wed Jan 11 04:48:09 +0000 2023",1947,"en"
"Wed Jan 11 04:48:09 +0000 2023",0,"en"
"Wed Jan 11 04:48:09 +0000 2023",50,"en"
"Wed Jan 11 04:48:09 +0000 2023",8977,"en"
"Wed Jan 11 04:48:09 +0000 2023",4420,"en"
"Wed Jan 11 04:48:08 +0000 2023",9,"en"
"Wed Jan 11 04:48:08 +0000 2023",892,"en"
"Wed Jan 11 04:48:08 +0000 2023",1947,"en"
"Wed Jan 11 04:48:08 +0000 2023",19840,"en"
"Wed Jan 11 04:48:07 +0000 2023",0,"en"
"Wed Jan 11 04:48:07 +0000 2023",695,"en"
"Wed Jan 11 04:48:06 +0000 2023",0,"en"
"Wed Jan 11 04:48:06 +0000 2023",2481,"en"
"Wed Jan 11 04:48:05 +0000 2023",563,"en"
"Wed Jan 11 04:48:05 +0000 2023",0,"en"
"Wed Jan 11 04:48:05 +0000 2023",124,"en"
"Wed Jan 11 04:48:05 +0000 2023",0,"en"
"Wed Jan 11 04:48:05 +0000 2023",0,"en"
"Wed Jan 11 04:48:05 +0000 2023",13147,"en"
"Wed Jan 11 04:48:04 +0000 2023",0,"en"
"Wed Jan 11 04:48:04 +0000 2023",48,"en"
"Wed Jan 11 04:48:04 +0000 2023",0,"en"
"Wed Jan 11 04:48:04 +0000 2023",0,"en"
"Wed Jan 11 04:48:04 +0000 2023",56,"en"
"Wed Jan 11 04:48:03 +0000 2023",765,"en"
"Wed Jan 11 04:48:03 +0000 2023",765,"en"
"Wed Jan 11 04:48:03 +0000 2023",4,"en"
"Wed Jan 11 04:48:03 +0000 2023",65,"en"
"Wed Jan 11 04:48:03 +0000 2023",2352,"en"
"Wed Jan 11 04:48:03 +0000 2023",20613,"en"
"Wed Jan 11 04:48:03 +0000 2023",5,"en"
"Wed Jan 11 04:48:02 +0000 2023",0,"en"
"Wed Jan 11 04:48:02 +0000 2023",2,"en"
"Wed Jan 11 04:48:02 +0000 2023",8977,"en"
"Wed Jan 11 04:48:01 +0000 2023",1,"en"
"Wed Jan 11 04:48:01 +0000 2023",5240,"en"
"Wed Jan 11 04:48:01 +0000 2023",3843,"en"
"Wed Jan 11 04:48:01 +0000 2023",859,"en"
"Wed Jan 11 04:48:01 +0000 2023",466,"en"
"Wed Jan 11 04:48:00 +0000 2023",0,"en"
"Wed Jan 11 04:48:00 +0000 2023",6,"en"
"Wed Jan 11 04:48:00 +0000 2023",17473,"en"
"Wed Jan 11 04:47:59 +0000 2023",0,"en"
"Wed Jan 11 04:47:59 +0000 2023",765,"en"
"Wed Jan 11 04:47:59 +0000 2023",5,"en"
"Wed Jan 11 04:47:59 +0000 2023",3308,"en"
"Wed Jan 11 04:47:58 +0000 2023",8978,"en"
"Wed Jan 11 04:47:58 +0000 2023",5241,"en"
"Wed Jan 11 04:47:58 +0000 2023",539,"en"
"Wed Jan 11 04:47:58 +0000 2023",67,"en"
"Wed Jan 11 04:47:58 +0000 2023",0,"en"
"Wed Jan 11 04:47:58 +0000 2023",2611,"en"
"Wed Jan 11 04:47:57 +0000 2023",47,"en"
"Wed Jan 11 04:47:57 +0000 2023",8,"en"
"Wed Jan 11 04:47:57 +0000 2023",3,"en"
"Wed Jan 11 04:47:57 +0000 2023",7,"en"
"Wed Jan 11 04:47:56 +0000 2023",2259,"en"
"Wed Jan 11 04:47:55 +0000 2023",0,"en"
"Wed Jan 11 04:47:54 +0000 2023",7607,"en"
"Wed Jan 11 04:47:54 +0000 2023",4,"en"
"Wed Jan 11 04:47:54 +0000 2023",63,"en"
"Wed Jan 11 04:47:54 +0000 2023",730,"en"
"Wed Jan 11 04:47:54 +0000 2023",0,"en"
"Wed Jan 11 04:47:54 +0000 2023",2426,"en"
"Wed Jan 11 04:47:53 +0000 2023",5241,"en"
"Wed Jan 11 04:47:52 +0000 2023",4,"en"
"Wed Jan 11 04:47:52 +0000 2023",4777,"en"
"Wed Jan 11 04:47:52 +0000 2023",0,"en"
"Wed Jan 11 04:47:52 +0000 2023",8978,"en"
"Wed Jan 11 04:47:51 +0000 2023",1634,"en"
"Wed Jan 11 04:47:50 +0000 2023",2980,"en"
"Wed Jan 11 04:47:50 +0000 2023",8978,"en"
"Wed Jan 11 04:47:49 +0000 2023",3,"en"
"Wed Jan 11 04:47:49 +0000 2023",1,"en"
"Wed Jan 11 04:47:49 +0000 2023",0,"en"
"Wed Jan 11 04:47:49 +0000 2023",283,"en"
"Wed Jan 11 04:47:49 +0000 2023",85,"en"
"Wed Jan 11 04:47:49 +0000 2023",0,"en"
"Wed Jan 11 04:47:48 +0000 2023",882,"en"
"Wed Jan 11 04:47:48 +0000 2023",2330,"en"
"Wed Jan 11 04:47:48 +0000 2023",4777,"en"
"Wed Jan 11 04:47:48 +0000 2023",0,"en"
"Wed Jan 11 04:47:47 +0000 2023",128,"en"
"Wed Jan 11 04:47:47 +0000 2023",146986,"en"
"Wed Jan 11 04:47:47 +0000 2023",8,"en"
"Wed Jan 11 04:47:47 +0000 2023",146,"en"
"Wed Jan 11 04:47:47 +0000 2023",92,"en"
"Wed Jan 11 04:47:47 +0000 2023",2806,"en"
"Wed Jan 11 04:47:46 +0000 2023",1056,"en"
"Wed Jan 11 04:47:46 +0000 2023",390,"en"
"Wed Jan 11 04:47:46 +0000 2023",50,"en"
"Wed Jan 11 04:47:46 +0000 2023",0,"en"
"Wed Jan 11 04:47:46 +0000 2023",7607,"en"
"Wed Jan 11 04:47:46 +0000 2023",0,"en"
"Wed Jan 11 04:47:45 +0000 2023",0,"en"
"Wed Jan 11 04:47:45 +0000 2023",10,"en"
"Wed Jan 11 04:47:44 +0000 2023",4777,"en"
"Wed Jan 11 04:47:44 +0000 2023",4,"en"
"Wed Jan 11 04:47:44 +0000 2023",1,"en"
"Wed Jan 11 04:47:44 +0000 2023",1,"en"
"Wed Jan 11 04:47:43 +0000 2023",6,"en"
"Wed Jan 11 04:47:43 +0000 2023",11,"en"
"Wed Jan 11 04:47:43 +0000 2023",439,"en"
"Wed Jan 11 04:47:43 +0000 2023",750,"en"
"Wed Jan 11 04:47:43 +0000 2023",7721,"en"
"Wed Jan 11 04:47:42 +0000 2023",2426,"en"
"Wed Jan 11 04:47:42 +0000 2023",121,"en"
"Wed Jan 11 04:47:42 +0000 2023",3,"en"
"Wed Jan 11 04:47:42 +0000 2023",0,"en"
"Wed Jan 11 04:47:41 +0000 2023",146,"en"
"Wed Jan 11 04:47:41 +0000 2023",17321,"en"
"Wed Jan 11 04:47:41 +0000 2023",0,"en"
"Wed Jan 11 04:47:41 +0000 2023",4777,"en"
"Wed Jan 11 04:47:41 +0000 2023",231,"en"
"Wed Jan 11 04:47:40 +0000 2023",8978,"en"
"Wed Jan 11 04:47:40 +0000 2023",0,"en"
"Wed Jan 11 04:47:40 +0000 2023",0,"en"
"Wed Jan 11 04:47:40 +0000 2023",5241,"en"
"Wed Jan 11 04:47:40 +0000 2023",0,"en"
"Wed Jan 11 04:47:40 +0000 2023",7607,"en"
"Wed Jan 11 04:47:40 +0000 2023",0,"en"
"Wed Jan 11 04:47:39 +0000 2023",660,"en"
"Wed Jan 11 04:47:39 +0000 2023",525,"en"
"Wed Jan 11 04:47:39 +0000 2023",0,"en"
"Wed Jan 11 04:47:39 +0000 2023",9,"en"
"Wed Jan 11 04:47:39 +0000 2023",216,"en"
"Wed Jan 11 04:47:39 +0000 2023",7607,"en"
"Wed Jan 11 04:47:39 +0000 2023",0,"en"
"Wed Jan 11 04:47:38 +0000 2023",69,"en"
"Wed Jan 11 04:47:38 +0000 2023",2611,"en"
"Wed Jan 11 04:47:38 +0000 2023",4420,"en"
"Wed Jan 11 04:47:37 +0000 2023",7607,"en"
"Wed Jan 11 04:47:37 +0000 2023",2980,"en"
"Wed Jan 11 04:47:36 +0000 2023",140,"en"
"Wed Jan 11 04:47:36 +0000 2023",5,"en"
"Wed Jan 11 04:47:36 +0000 2023",2259,"en"
"Wed Jan 11 04:47:36 +0000 2023",3843,"en"
"Wed Jan 11 04:47:36 +0000 2023",211,"en"
"Wed Jan 11 04:47:36 +0000 2023",9,"en"
"Wed Jan 11 04:47:35 +0000 2023",9,"en"
"Wed Jan 11 04:47:35 +0000 2023",24,"en"
"Wed Jan 11 04:47:35 +0000 2023",299,"en"
"Wed Jan 11 04:47:35 +0000 2023",2612,"en"
"Wed Jan 11 04:47:35 +0000 2023",1,"en"
"Wed Jan 11 04:47:35 +0000 2023",3843,"en"
"Wed Jan 11 04:47:35 +0000 2023",0,"en"
"Wed Jan 11 04:47:35 +0000 2023",1947,"en"
"Wed Jan 11 04:47:34 +0000 2023",2,"en"
"Wed Jan 11 04:47:34 +0000 2023",2612,"en"
"Wed Jan 11 04:47:34 +0000 2023",5242,"en"
"Wed Jan 11 04:47:34 +0000 2023",2612,"en"
"Wed Jan 11 04:47:34 +0000 2023",19840,"en"
"Wed Jan 11 04:47:34 +0000 2023",1095,"en"
"Wed Jan 11 04:47:33 +0000 2023",8978,"en"
"Wed Jan 11 04:47:32 +0000 2023",14,"en"
"Wed Jan 11 04:47:32 +0000 2023",2488,"en"
"Wed Jan 11 04:47:32 +0000 2023",5,"en"
"Wed Jan 11 04:47:32 +0000 2023",146,"en"
"Wed Jan 11 04:47:32 +0000 2023",0,"en"
"Wed Jan 11 04:47:32 +0000 2023",1,"en"
"Wed Jan 11 04:47:32 +0000 2023",222,"en"
"Wed Jan 11 04:47:32 +0000 2023",0,"en"
"Wed Jan 11 04:47:32 +0000 2023",9,"en"
"Wed Jan 11 04:47:31 +0000 2023",4777,"en"
"Wed Jan 11 04:47:31 +0000 2023",2612,"en"
"Wed Jan 11 04:47:31 +0000 2023",2737,"en"
"Wed Jan 11 04:47:31 +0000 2023",7,"en"
"Wed Jan 11 04:47:31 +0000 2023",24,"en"
"Wed Jan 11 04:47:30 +0000 2023",750,"en"
"Wed Jan 11 04:47:30 +0000 2023",89,"en"
"Wed Jan 11 04:47:29 +0000 2023",2612,"en"
"Wed Jan 11 04:47:28 +0000 2023",0,"en"
"Wed Jan 11 04:47:28 +0000 2023",581,"en"
"Wed Jan 11 04:47:28 +0000 2023",7607,"en"
"Wed Jan 11 04:47:27 +0000 2023",7607,"en"
"Wed Jan 11 04:47:27 +0000 2023",7721,"en"
"Wed Jan 11 04:47:27 +0000 2023",11,"en"
"Wed Jan 11 04:47:26 +0000 2023",62,"en"
"Wed Jan 11 04:47:26 +0000 2023",882,"en"
"Wed Jan 11 04:47:26 +0000 2023",1095,"en"
"Wed Jan 11 04:47:26 +0000 2023",17321,"en"
"Wed Jan 11 04:47:26 +0000 2023",350,"en"
"Wed Jan 11 04:47:25 +0000 2023",383,"en"
"Wed Jan 11 04:47:25 +0000 2023",287,"en"
"Wed Jan 11 04:47:25 +0000 2023",8978,"en"
"Wed Jan 11 04:47:25 +0000 2023",81,"en"
"Wed Jan 11 04:47:25 +0000 2023",55,"en"
"Wed Jan 11 04:47:24 +0000 2023",40,"en"
"Wed Jan 11 04:47:24 +0000 2023",2259,"en"
"Wed Jan 11 04:47:24 +0000 2023",5500,"en"
"Wed Jan 11 04:47:24 +0000 2023",0,"en"
"Wed Jan 11 04:47:23 +0000 2023",15,"en"
"Wed Jan 11 04:47:23 +0000 2023",5,"en"
"Wed Jan 11 04:47:22 +0000 2023",5533,"en"
"Wed Jan 11 04:47:22 +0000 2023",0,"en"
"Wed Jan 11 04:47:22 +0000 2023",793,"en"
"Wed Jan 11 04:47:22 +0000 2023",0,"en"
"Wed Jan 11 04:47:21 +0000 2023",364,"en"
"Wed Jan 11 04:47:21 +0000 2023",0,"en"
"Wed Jan 11 04:47:20 +0000 2023",0,"en"
"Wed Jan 11 04:47:20 +0000 2023",146,"en"
"Wed Jan 11 04:47:20 +0000 2023",1947,"en"
"Wed Jan 11 04:47:20 +0000 2023",20613,"en"
"Wed Jan 11 04:47:20 +0000 2023",0,"en"
"Wed Jan 11 04:47:19 +0000 2023",7607,"en"
"Wed Jan 11 04:47:19 +0000 2023",766,"en"
"Wed Jan 11 04:47:19 +0000 2023",190,"en"
"Wed Jan 11 04:47:18 +0000 2023",377,"en"
"Wed Jan 11 04:47:18 +0000 2023",7607,"en"
"Wed Jan 11 04:47:18 +0000 2023",8978,"en"
"Wed Jan 11 04:47:17 +0000 2023",8978,"en"
"Wed Jan 11 04:47:17 +0000 2023",793,"en"
"Wed Jan 11 04:47:17 +0000 2023",364,"en"
"Wed Jan 11 04:47:16 +0000 2023",10,"en"
"Wed Jan 11 04:47:16 +0000 2023",0,"en"
"Wed Jan 11 04:47:16 +0000 2023",80,"en"
"Wed Jan 11 04:47:16 +0000 2023",1095,"en"
"Wed Jan 11 04:47:16 +0000 2023",7607,"en"
"Wed Jan 11 04:47:15 +0000 2023",4,"en"
"Wed Jan 11 04:47:15 +0000 2023",5,"en"
"Wed Jan 11 04:47:14 +0000 2023",10,"en"
"Wed Jan 11 04:47:13 +0000 2023",0,"en"
"Wed Jan 11 04:47:13 +0000 2023",0,"en"
"Wed Jan 11 04:47:13 +0000 2023",2612,"en"
"Wed Jan 11 04:47:13 +0000 2023",4777,"en"
"Wed Jan 11 04:47:13 +0000 2023",1391,"en"
"Wed Jan 11 04:47:12 +0000 2023",267,"en"
"Wed Jan 11 04:47:12 +0000 2023",20613,"en"
"Wed Jan 11 04:47:12 +0000 2023",4309,"en"
"Wed Jan 11 04:47:12 +0000 2023",19841,"en"
"Wed Jan 11 04:47:11 +0000 2023",368,"en"
"Wed Jan 11 04:47:11 +0000 2023",242,"en"
"Wed Jan 11 04:47:10 +0000 2023",0,"en"
"Wed Jan 11 04:47:10 +0000 2023",22,"en"
"Wed Jan 11 04:47:10 +0000 2023",97,"en"
"Wed Jan 11 04:47:10 +0000 2023",0,"en"
"Wed Jan 11 04:47:10 +0000 2023",1924,"en"
"Wed Jan 11 04:47:09 +0000 2023",5242,"en"
"Wed Jan 11 04:47:09 +0000 2023",8978,"en"
"Wed Jan 11 04:47:09 +0000 2023",1141,"en"
"Wed Jan 11 04:47:09 +0000 2023",1254,"en"
"Wed Jan 11 04:47:09 +0000 2023",3,"en"
"Wed Jan 11 04:47:09 +0000 2023",0,"en"
"Wed Jan 11 04:47:09 +0000 2023",30,"en"
"Wed Jan 11 04:47:09 +0000 2023",0,"en"
"Wed Jan 11 04:47:08 +0000 2023",1,"en"
"Wed Jan 11 04:47:08 +0000 2023",0,"en"
"Wed Jan 11 04:47:08 +0000 2023",222,"en"
"Wed Jan 11 04:47:08 +0000 2023",219,"en"
"Wed Jan 11 04:47:08 +0000 2023",0,"en"
"Wed Jan 11 04:47:07 +0000 2023",2,"en"
"Wed Jan 11 04:47:07 +0000 2023",52,"en"
"Wed Jan 11 04:47:07 +0000 2023",0,"en"
"Wed Jan 11 04:47:07 +0000 2023",72,"en"
"Wed Jan 11 04:47:06 +0000 2023",146,"en"
"Wed Jan 11 04:47:06 +0000 2023",5165,"en"
"Wed Jan 11 04:47:06 +0000 2023",99,"en"
"Wed Jan 11 04:47:06 +0000 2023",735,"en"
"Wed Jan 11 04:47:06 +0000 2023",1248,"en"
"Wed Jan 11 04:47:06 +0000 2023",2516,"en"
"Wed Jan 11 04:47:06 +0000 2023",327,"en"
"Wed Jan 11 04:47:06 +0000 2023",670,"en"
"Wed Jan 11 04:47:06 +0000 2023",8,"en"
"Wed Jan 11 04:47:05 +0000 2023",0,"en"
"Wed Jan 11 04:47:05 +0000 2023",67,"en"
"Wed Jan 11 04:47:05 +0000 2023",3874,"en"
"Wed Jan 11 04:47:04 +0000 2023",2806,"en"
"Wed Jan 11 04:47:04 +0000 2023",14,"en"
"Wed Jan 11 04:47:04 +0000 2023",1634,"en"
"Wed Jan 11 04:47:04 +0000 2023",390,"en"
"Wed Jan 11 04:47:04 +0000 2023",291,"en"
"Wed Jan 11 04:47:04 +0000 2023",7721,"en"
"Wed Jan 11 04:47:04 +0000 2023",160,"en"
"Wed Jan 11 04:47:03 +0000 2023",383,"en"
"Wed Jan 11 04:47:03 +0000 2023",1947,"en"
"Wed Jan 11 04:47:03 +0000 2023",1346,"en"
"Wed Jan 11 04:47:03 +0000 2023",766,"en"
"Wed Jan 11 04:47:02 +0000 2023",6399,"en"
"Wed Jan 11 04:47:02 +0000 2023",0,"en"
"Wed Jan 11 04:47:02 +0000 2023",793,"en"
"Wed Jan 11 04:47:02 +0000 2023",239,"en"
"Wed Jan 11 04:47:02 +0000 2023",216,"en"
"Wed Jan 11 04:47:02 +0000 2023",1097,"en"
"Wed Jan 11 04:47:01 +0000 2023",0,"en"
"Wed Jan 11 04:47:01 +0000 2023",0,"en"
"Wed Jan 11 04:47:00 +0000 2023",354,"en"
"Wed Jan 11 04:47:00 +0000 2023",0,"en"
"Wed Jan 11 04:47:00 +0000 2023",6,"en"
"Wed Jan 11 04:46:59 +0000 2023",0,"en"
"Wed Jan 11 04:46:59 +0000 2023",7608,"en"
"Wed Jan 11 04:46:58 +0000 2023",37,"en"
"Wed Jan 11 04:46:58 +0000 2023",3874,"en"
"Wed Jan 11 04:46:58 +0000 2023",0,"en"
"Wed Jan 11 04:46:58 +0000 2023",211,"en"
"Wed Jan 11 04:46:57 +0000 2023",7721,"en"
"Wed Jan 11 04:46:57 +0000 2023",2612,"en"
"Wed Jan 11 04:46:57 +0000 2023",4,"en"
"Wed Jan 11 04:46:57 +0000 2023",20613,"en"
"Wed Jan 11 04:46:57 +0000 2023",8978,"en"
"Wed Jan 11 04:46:57 +0000 2023",20613,"en"
"Wed Jan 11 04:46:57 +0000 2023",4777,"en"
"Wed Jan 11 04:46:57 +0000 2023",4420,"en"
"Wed Jan 11 04:46:56 +0000 2023",581,"en"
"Wed Jan 11 04:46:56 +0000 2023",5,"en"
"Wed Jan 11 04:46:56 +0000 2023",5242,"en"
"Wed Jan 11 04:46:56 +0000 2023",466,"en"
"Wed Jan 11 04:46:55 +0000 2023",115,"en"
"Wed Jan 11 04:46:55 +0000 2023",501,"en"
"Wed Jan 11 04:46:55 +0000 2023",4420,"en"
"Wed Jan 11 04:46:54 +0000 2023",0,"en"
"Wed Jan 11 04:46:54 +0000 2023",5859,"en"
"Wed Jan 11 04:46:54 +0000 2023",2612,"en"
"Wed Jan 11 04:46:54 +0000 2023",5117,"en"
"Wed Jan 11 04:46:54 +0000 2023",0,"en"
"Wed Jan 11 04:46:53 +0000 2023",0,"en"
"Wed Jan 11 04:46:53 +0000 2023",51,"en"
"Wed Jan 11 04:46:53 +0000 2023",4,"en"
"Wed Jan 11 04:46:52 +0000 2023",1095,"en"
"Wed Jan 11 04:46:52 +0000 2023",4,"en"
"Wed Jan 11 04:46:52 +0000 2023",3843,"en"
"Wed Jan 11 04:46:52 +0000 2023",0,"en"
"Wed Jan 11 04:46:52 +0000 2023",0,"en"
"Wed Jan 11 04:46:51 +0000 2023",5243,"en"
"Wed Jan 11 04:46:51 +0000 2023",18,"en"
"Wed Jan 11 04:46:51 +0000 2023",287,"en"
"Wed Jan 11 04:46:51 +0000 2023",7609,"en"
"Wed Jan 11 04:46:50 +0000 2023",581,"en"
"Wed Jan 11 04:46:50 +0000 2023",2614,"en"
"Wed Jan 11 04:46:50 +0000 2023",98,"en"
"Wed Jan 11 04:46:50 +0000 2023",2,"en"
"Wed Jan 11 04:46:50 +0000 2023",0,"en"
"Wed Jan 11 04:46:50 +0000 2023",31,"en"
"Wed Jan 11 04:46:49 +0000 2023",222,"en"
"Wed Jan 11 04:46:49 +0000 2023",2516,"en"
"Wed Jan 11 04:46:48 +0000 2023",172,"en"
"Wed Jan 11 04:46:48 +0000 2023",750,"en"
"Wed Jan 11 04:46:48 +0000 2023",1,"en"
"Wed Jan 11 04:46:48 +0000 2023",0,"en"
"Wed Jan 11 04:46:47 +0000 2023",882,"en"
"Wed Jan 11 04:46:47 +0000 2023",14,"en"
"Wed Jan 11 04:46:47 +0000 2023",6,"en"
"Wed Jan 11 04:46:46 +0000 2023",1947,"en"
"Wed Jan 11 04:46:46 +0000 2023",2614,"en"
"Wed Jan 11 04:46:46 +0000 2023",43,"en"
"Wed Jan 11 04:46:46 +0000 2023",121,"en"
"Wed Jan 11 04:46:46 +0000 2023",287,"en"
"Wed Jan 11 04:46:46 +0000 2023",68,"en"
"Wed Jan 11 04:46:46 +0000 2023",32,"en"
"Wed Jan 11 04:46:46 +0000 2023",750,"en"
"Wed Jan 11 04:46:46 +0000 2023",32,"en"
"Wed Jan 11 04:46:46 +0000 2023",1350,"en"
"Wed Jan 11 04:46:45 +0000 2023",5243,"en"
"Wed Jan 11 04:46:44 +0000 2023",5,"en"
"Wed Jan 11 04:46:44 +0000 2023",7609,"en"
"Wed Jan 11 04:46:44 +0000 2023",4422,"en"
"Wed Jan 11 04:46:44 +0000 2023",20614,"en"
"Wed Jan 11 04:46:44 +0000 2023",0,"en"
"Wed Jan 11 04:46:43 +0000 2023",76,"en"
"Wed Jan 11 04:46:43 +0000 2023",8,"en"
"Wed Jan 11 04:46:43 +0000 2023",766,"en"
"Wed Jan 11 04:46:43 +0000 2023",2509,"en"
"Wed Jan 11 04:46:43 +0000 2023",399,"en"
"Wed Jan 11 04:46:43 +0000 2023",8978,"en"
"Wed Jan 11 04:46:43 +0000 2023",74,"en"
"Wed Jan 11 04:46:43 +0000 2023",7609,"en"
"Wed Jan 11 04:46:42 +0000 2023",365,"en"
"Wed Jan 11 04:46:42 +0000 2023",0,"en"
"Wed Jan 11 04:46:42 +0000 2023",0,"en"
"Wed Jan 11 04:46:42 +0000 2023",7,"en"
"Wed Jan 11 04:46:42 +0000 2023",4250,"en"
"Wed Jan 11 04:46:41 +0000 2023",0,"en"
"Wed Jan 11 04:46:41 +0000 2023",8978,"en"
"Wed Jan 11 04:46:41 +0000 2023",2524,"en"
"Wed Jan 11 04:46:41 +0000 2023",766,"en"
"Wed Jan 11 04:46:41 +0000 2023",4422,"en"
"Wed Jan 11 04:46:41 +0000 2023",581,"en"
"Wed Jan 11 04:46:41 +0000 2023",17,"en"
"Wed Jan 11 04:46:40 +0000 2023",383,"en"
"Wed Jan 11 04:46:40 +0000 2023",362,"en"
"Wed Jan 11 04:46:40 +0000 2023",1,"en"
"Wed Jan 11 04:46:40 +0000 2023",146,"en"
"Wed Jan 11 04:46:40 +0000 2023",433,"en"
"Wed Jan 11 04:46:39 +0000 2023",0,"en"
"Wed Jan 11 04:46:39 +0000 2023",10,"en"
"Wed Jan 11 04:46:39 +0000 2023",1947,"en"
"Wed Jan 11 04:46:39 +0000 2023",10,"en"
"Wed Jan 11 04:46:38 +0000 2023",2315,"en"
"Wed Jan 11 04:46:38 +0000 2023",0,"en"
"Wed Jan 11 04:46:38 +0000 2023",3,"en"
"Wed Jan 11 04:46:38 +0000 2023",5243,"en"
"Wed Jan 11 04:46:38 +0000 2023",0,"en"
"Wed Jan 11 04:46:38 +0000 2023",1,"en"
"Wed Jan 11 04:46:38 +0000 2023",3309,"en"
"Wed Jan 11 04:46:38 +0000 2023",7609,"en"
"Wed Jan 11 04:46:37 +0000 2023",383,"en"
"Wed Jan 11 04:46:37 +0000 2023",299,"en"
"Wed Jan 11 04:46:37 +0000 2023",146,"en"
"Wed Jan 11 04:46:37 +0000 2023",7609,"en"
"Wed Jan 11 04:46:37 +0000 2023",2981,"en"
"Wed Jan 11 04:46:36 +0000 2023",7609,"en"
"Wed Jan 11 04:46:36 +0000 2023",11,"en"
"Wed Jan 11 04:46:36 +0000 2023",208,"en"
"Wed Jan 11 04:46:36 +0000 2023",155,"en"
"Wed Jan 11 04:46:35 +0000 2023",30,"en"
"Wed Jan 11 04:46:35 +0000 2023",0,"en"
"Wed Jan 11 04:46:35 +0000 2023",766,"en"
"Wed Jan 11 04:46:35 +0000 2023",2352,"en"
"Wed Jan 11 04:46:35 +0000 2023",108,"en"
"Wed Jan 11 04:46:34 +0000 2023",110,"en"
"Wed Jan 11 04:46:34 +0000 2023",1947,"en"
"Wed Jan 11 04:46:34 +0000 2023",0,"en"
"Wed Jan 11 04:46:34 +0000 2023",882,"en"
"Wed Jan 11 04:46:34 +0000 2023",14,"en"
"Wed Jan 11 04:46:33 +0000 2023",0,"en"
"Wed Jan 11 04:46:33 +0000 2023",1968,"en"
"Wed Jan 11 04:46:33 +0000 2023",5,"en"
"Wed Jan 11 04:46:33 +0000 2023",1056,"en"
"Wed Jan 11 04:46:32 +0000 2023",41,"en"
"Wed Jan 11 04:46:32 +0000 2023",0,"en"
"Wed Jan 11 04:46:32 +0000 2023",4216,"en"
"Wed Jan 11 04:46:32 +0000 2023",2614,"en"
"Wed Jan 11 04:46:31 +0000 2023",7,"en"
"Wed Jan 11 04:46:31 +0000 2023",1276,"en"
"Wed Jan 11 04:46:31 +0000 2023",715,"en"
"Wed Jan 11 04:46:30 +0000 2023",8979,"en"
"Wed Jan 11 04:46:30 +0000 2023",77,"en"
"Wed Jan 11 04:46:30 +0000 2023",0,"en"
"Wed Jan 11 04:46:30 +0000 2023",19,"en"
"Wed Jan 11 04:46:30 +0000 2023",2426,"en"
"Wed Jan 11 04:46:29 +0000 2023",4423,"en"
"Wed Jan 11 04:46:29 +0000 2023",97,"en"
"Wed Jan 11 04:46:29 +0000 2023",2315,"en"
"Wed Jan 11 04:46:29 +0000 2023",0,"en"
"Wed Jan 11 04:46:29 +0000 2023",5534,"en"
"Wed Jan 11 04:46:29 +0000 2023",49,"en"
"Wed Jan 11 04:46:29 +0000 2023",5859,"en"
"Wed Jan 11 04:46:29 +0000 2023",17321,"en"
"Wed Jan 11 04:46:28 +0000 2023",21,"en"
"Wed Jan 11 04:46:28 +0000 2023",14,"en"
"Wed Jan 11 04:46:28 +0000 2023",8979,"en"
"Wed Jan 11 04:46:28 +0000 2023",1,"en"
"Wed Jan 11 04:46:27 +0000 2023",0,"en"
"Wed Jan 11 04:46:27 +0000 2023",0,"en"
"Wed Jan 11 04:46:27 +0000 2023",133,"en"
"Wed Jan 11 04:46:27 +0000 2023",6,"en"
"Wed Jan 11 04:46:27 +0000 2023",0,"en"
"Wed Jan 11 04:46:26 +0000 2023",835,"en"
"Wed Jan 11 04:46:26 +0000 2023",1095,"en"
"Wed Jan 11 04:46:25 +0000 2023",1,"en"
"Wed Jan 11 04:46:25 +0000 2023",1512,"en"
"Wed Jan 11 04:46:25 +0000 2023",4216,"en"
"Wed Jan 11 04:46:25 +0000 2023",2524,"en"
"Wed Jan 11 04:46:24 +0000 2023",383,"en"
"Wed Jan 11 04:46:24 +0000 2023",398,"en"
"Wed Jan 11 04:46:24 +0000 2023",3,"en"
"Wed Jan 11 04:46:24 +0000 2023",2981,"en"
"Wed Jan 11 04:46:24 +0000 2023",0,"en"
"Wed Jan 11 04:46:23 +0000 2023",2614,"en"
"Wed Jan 11 04:46:23 +0000 2023",382,"en"
"Wed Jan 11 04:46:23 +0000 2023",4319,"en"
"Wed Jan 11 04:46:23 +0000 2023",0,"en"
"Wed Jan 11 04:46:23 +0000 2023",0,"en"
"Wed Jan 11 04:46:23 +0000 2023",1947,"en"
"Wed Jan 11 04:46:22 +0000 2023",151,"en"
"Wed Jan 11 04:46:21 +0000 2023",0,"en"
"Wed Jan 11 04:46:21 +0000 2023",327,"en"
"Wed Jan 11 04:46:21 +0000 2023",0,"en"
"Wed Jan 11 04:46:21 +0000 2023",2315,"en"
"Wed Jan 11 04:46:21 +0000 2023",5,"en"
"Wed Jan 11 04:46:20 +0000 2023",19841,"en"
"Wed Jan 11 04:46:19 +0000 2023",2806,"en"
"Wed Jan 11 04:46:19 +0000 2023",322,"en"
"Wed Jan 11 04:46:19 +0000 2023",1351,"en"
"Wed Jan 11 04:46:18 +0000 2023",7609,"en"
"Wed Jan 11 04:46:18 +0000 2023",8979,"en"
"Wed Jan 11 04:46:18 +0000 2023",19,"en"
"Wed Jan 11 04:46:17 +0000 2023",1512,"en"
"Wed Jan 11 04:46:17 +0000 2023",0,"en"
"Wed Jan 11 04:46:17 +0000 2023",6,"en"
"Wed Jan 11 04:46:16 +0000 2023",263,"en"
"Wed Jan 11 04:46:16 +0000 2023",149,"en"
"Wed Jan 11 04:46:16 +0000 2023",1,"en"
"Wed Jan 11 04:46:16 +0000 2023",294,"en"
"Wed Jan 11 04:46:15 +0000 2023",2806,"en"
"Wed Jan 11 04:46:15 +0000 2023",2516,"en"
"Wed Jan 11 04:46:15 +0000 2023",20614,"en"
"Wed Jan 11 04:46:15 +0000 2023",5534,"en"
"Wed Jan 11 04:46:15 +0000 2023",110,"en"
"Wed Jan 11 04:46:15 +0000 2023",1162,"en"
"Wed Jan 11 04:46:14 +0000 2023",1,"en"
"Wed Jan 11 04:46:14 +0000 2023",8979,"en"
"Wed Jan 11 04:46:14 +0000 2023",581,"en"
"Wed Jan 11 04:46:14 +0000 2023",8979,"en"
"Wed Jan 11 04:46:14 +0000 2023",146,"en"
"Wed Jan 11 04:46:14 +0000 2023",15,"en"
"Wed Jan 11 04:46:14 +0000 2023",0,"en"
"Wed Jan 11 04:46:14 +0000 2023",41,"en"
"Wed Jan 11 04:46:14 +0000 2023",1,"en"
"Wed Jan 11 04:46:13 +0000 2023",1,"en"
"Wed Jan 11 04:46:13 +0000 2023",0,"en"
"Wed Jan 11 04:46:13 +0000 2023",924,"en"
"Wed Jan 11 04:46:13 +0000 2023",3843,"en"
"Wed Jan 11 04:46:11 +0000 2023",271,"en"
"Wed Jan 11 04:46:11 +0000 2023",2,"en"
"Wed Jan 11 04:46:11 +0000 2023",0,"en"
"Wed Jan 11 04:46:11 +0000 2023",4,"en"
"Wed Jan 11 04:46:11 +0000 2023",2315,"en"
"Wed Jan 11 04:46:11 +0000 2023",0,"en"
"Wed Jan 11 04:46:11 +0000 2023",0,"en"
"Wed Jan 11 04:46:10 +0000 2023",52,"en"
"Wed Jan 11 04:46:10 +0000 2023",0,"en"
"Wed Jan 11 04:46:10 +0000 2023",1,"en"
"Wed Jan 11 04:46:10 +0000 2023",4,"en"
"Wed Jan 11 04:46:10 +0000 2023",1947,"en"
"Wed Jan 11 04:46:10 +0000 2023",1947,"en"
"Wed Jan 11 04:46:10 +0000 2023",4423,"en"
"Wed Jan 11 04:46:09 +0000 2023",253,"en"
"Wed Jan 11 04:46:09 +0000 2023",0,"en"
"Wed Jan 11 04:46:09 +0000 2023",581,"en"
"Wed Jan 11 04:46:09 +0000 2023",829,"en"
"Wed Jan 11 04:46:09 +0000 2023",23,"en"
"Wed Jan 11 04:46:08 +0000 2023",132,"en"
"Wed Jan 11 04:46:07 +0000 2023",1,"en"
"Wed Jan 11 04:46:07 +0000 2023",8979,"en"
"Wed Jan 11 04:46:07 +0000 2023",274,"en"
"Wed Jan 11 04:46:07 +0000 2023",8979,"en"
"Wed Jan 11 04:46:07 +0000 2023",7,"en"
"Wed Jan 11 04:46:06 +0000 2023",0,"en"
"Wed Jan 11 04:46:06 +0000 2023",6,"en"
"Wed Jan 11 04:46:06 +0000 2023",287,"en"
"Wed Jan 11 04:46:06 +0000 2023",2021,"en"
"Wed Jan 11 04:46:05 +0000 2023",231,"en"
"Wed Jan 11 04:46:05 +0000 2023",287,"en"
"Wed Jan 11 04:46:05 +0000 2023",15,"en"
"Wed Jan 11 04:46:05 +0000 2023",92,"en"
"Wed Jan 11 04:46:05 +0000 2023",0,"en"
"Wed Jan 11 04:46:04 +0000 2023",50,"en"
"Wed Jan 11 04:46:04 +0000 2023",108,"en"
"Wed Jan 11 04:46:04 +0000 2023",0,"en"
"Wed Jan 11 04:46:04 +0000 2023",859,"en"
"Wed Jan 11 04:46:04 +0000 2023",3309,"en"
"Wed Jan 11 04:46:03 +0000 2023",660,"en"
"Wed Jan 11 04:46:03 +0000 2023",0,"en"
"Wed Jan 11 04:46:03 +0000 2023",1,"en"
"Wed Jan 11 04:46:03 +0000 2023",882,"en"
"Wed Jan 11 04:46:03 +0000 2023",0,"en"
"Wed Jan 11 04:46:02 +0000 2023",0,"en"
"Wed Jan 11 04:46:02 +0000 2023",216,"en"
"Wed Jan 11 04:46:02 +0000 2023",263,"en"
"Wed Jan 11 04:46:01 +0000 2023",0,"en"
"Wed Jan 11 04:46:01 +0000 2023",1351,"en"
"Wed Jan 11 04:46:01 +0000 2023",0,"en"
"Wed Jan 11 04:46:00 +0000 2023",0,"en"
"Wed Jan 11 04:46:00 +0000 2023",3,"en"
"Wed Jan 11 04:46:00 +0000 2023",363,"en"
"Wed Jan 11 04:46:00 +0000 2023",21,"en"
"Wed Jan 11 04:46:00 +0000 2023",18722,"en"
"Wed Jan 11 04:46:00 +0000 2023",2427,"en"
"Wed Jan 11 04:46:00 +0000 2023",4423,"en"
"Wed Jan 11 04:46:00 +0000 2023",0,"en"
"Wed Jan 11 04:45:59 +0000 2023",1,"en"
"Wed Jan 11 04:45:58 +0000 2023",537,"en"
"Wed Jan 11 04:45:58 +0000 2023",2806,"en"
"Wed Jan 11 04:45:57 +0000 2023",3843,"en"
"Wed Jan 11 04:45:57 +0000 2023",7609,"en"
"Wed Jan 11 04:45:57 +0000 2023",0,"en"
"Wed Jan 11 04:45:57 +0000 2023",83,"en"
"Wed Jan 11 04:45:56 +0000 2023",2488,"en"
"Wed Jan 11 04:45:56 +0000 2023",0,"en"
"Wed Jan 11 04:45:56 +0000 2023",383,"en"
"Wed Jan 11 04:45:56 +0000 2023",2488,"en"
"Wed Jan 11 04:45:56 +0000 2023",4216,"en"
"Wed Jan 11 04:45:56 +0000 2023",0,"en"
"Wed Jan 11 04:45:56 +0000 2023",0,"en"
"Wed Jan 11 04:45:55 +0000 2023",4,"en"
"Wed Jan 11 04:45:55 +0000 2023",7609,"en"
"Wed Jan 11 04:45:55 +0000 2023",1,"en"
"Wed Jan 11 04:45:55 +0000 2023",5243,"en"
"Wed Jan 11 04:45:54 +0000 2023",0,"en"
"Wed Jan 11 04:45:54 +0000 2023",66,"en"
"Wed Jan 11 04:45:54 +0000 2023",750,"en"
"Wed Jan 11 04:45:54 +0000 2023",0,"en"
"Wed Jan 11 04:45:53 +0000 2023",8979,"en"
"Wed Jan 11 04:45:53 +0000 2023",1351,"en"
"Wed Jan 11 04:45:53 +0000 2023",69,"en"
"Wed Jan 11 04:45:53 +0000 2023",1,"en"
"Wed Jan 11 04:45:52 +0000 2023",2614,"en"
"Wed Jan 11 04:45:52 +0000 2023",22,"en"
"Wed Jan 11 04:45:52 +0000 2023",3,"en"
"Wed Jan 11 04:45:51 +0000 2023",1,"en"
"Wed Jan 11 04:45:51 +0000 2023",62,"en"
"Wed Jan 11 04:45:51 +0000 2023",0,"en"
"Wed Jan 11 04:45:50 +0000 2023",0,"en"
"Wed Jan 11 04:45:50 +0000 2023",1512,"en"
"Wed Jan 11 04:45:50 +0000 2023",7722,"en"
"Wed Jan 11 04:45:50 +0000 2023",8979,"en"
"Wed Jan 11 04:45:50 +0000 2023",121,"en"
"Wed Jan 11 04:45:50 +0000 2023",0,"en"
"Wed Jan 11 04:45:50 +0000 2023",28,"en"
"Wed Jan 11 04:45:49 +0000 2023",0,"en"
"Wed Jan 11 04:45:49 +0000 2023",287,"en"
"Wed Jan 11 04:45:49 +0000 2023",1097,"en"
"Wed Jan 11 04:45:48 +0000 2023",3,"en"
"Wed Jan 11 04:45:48 +0000 2023",229,"en"
"Wed Jan 11 04:45:48 +0000 2023",2614,"en"
"Wed Jan 11 04:45:48 +0000 2023",390,"en"
"Wed Jan 11 04:45:47 +0000 2023",7610,"en"
"Wed Jan 11 04:45:47 +0000 2023",859,"en"
"Wed Jan 11 04:45:47 +0000 2023",0,"en"
"Wed Jan 11 04:45:46 +0000 2023",708,"en"
"Wed Jan 11 04:45:46 +0000 2023",7610,"en"
"Wed Jan 11 04:45:46 +0000 2023",0,"en"
"Wed Jan 11 04:45:45 +0000 2023",8,"en"
"Wed Jan 11 04:45:45 +0000 2023",0,"en"
"Wed Jan 11 04:45:45 +0000 2023",195,"en"
"Wed Jan 11 04:45:45 +0000 2023",7610,"en"
"Wed Jan 11 04:45:45 +0000 2023",482,"en"
"Wed Jan 11 04:45:45 +0000 2023",0,"en"
"Wed Jan 11 04:45:44 +0000 2023",151,"en"
"Wed Jan 11 04:45:44 +0000 2023",24,"en"
"Wed Jan 11 04:45:44 +0000 2023",4777,"en"
"Wed Jan 11 04:45:44 +0000 2023",0,"en"
"Wed Jan 11 04:45:44 +0000 2023",0,"en"
"Wed Jan 11 04:45:44 +0000 2023",0,"en"
"Wed Jan 11 04:45:43 +0000 2023",581,"en"
"Wed Jan 11 04:45:43 +0000 2023",121,"en"
"Wed Jan 11 04:45:43 +0000 2023",383,"en"
"Wed Jan 11 04:45:43 +0000 2023",0,"en"
"Wed Jan 11 04:45:43 +0000 2023",0,"en"
"Wed Jan 11 04:45:43 +0000 2023",0,"en"
"Wed Jan 11 04:45:42 +0000 2023",81,"en"
"Wed Jan 11 04:45:42 +0000 2023",889,"en"
"Wed Jan 11 04:45:42 +0000 2023",4424,"en"
"Wed Jan 11 04:45:42 +0000 2023",58,"en"
"Wed Jan 11 04:45:42 +0000 2023",390,"en"
"Wed Jan 11 04:45:41 +0000 2023",0,"en"
"Wed Jan 11 04:45:41 +0000 2023",4251,"en"
"Wed Jan 11 04:45:41 +0000 2023",750,"en"
"Wed Jan 11 04:45:40 +0000 2023",330,"en"
"Wed Jan 11 04:45:39 +0000 2023",3874,"en"
"Wed Jan 11 04:45:39 +0000 2023",20614,"en"
"Wed Jan 11 04:45:39 +0000 2023",1351,"en"
"Wed Jan 11 04:45:38 +0000 2023",186,"en"
"Wed Jan 11 04:45:38 +0000 2023",12968,"en"
"Wed Jan 11 04:45:38 +0000 2023",26,"en"
"Wed Jan 11 04:45:38 +0000 2023",6,"en"
"Wed Jan 11 04:45:38 +0000 2023",10,"en"
"Wed Jan 11 04:45:38 +0000 2023",1,"en"
"Wed Jan 11 04:45:38 +0000 2023",2,"en"
"Wed Jan 11 04:45:38 +0000 2023",2315,"en"
"Wed Jan 11 04:45:38 +0000 2023",8979,"en"
"Wed Jan 11 04:45:38 +0000 2023",2315,"en"
"Wed Jan 11 04:45:37 +0000 2023",299,"en"
"Wed Jan 11 04:45:37 +0000 2023",0,"en"
"Wed Jan 11 04:45:37 +0000 2023",7610,"en"
"Wed Jan 11 04:45:37 +0000 2023",0,"en"
"Wed Jan 11 04:45:37 +0000 2023",390,"en"
"Wed Jan 11 04:45:36 +0000 2023",191,"en"
"Wed Jan 11 04:45:36 +0000 2023",0,"en"
"Wed Jan 11 04:45:36 +0000 2023",2981,"en"
"Wed Jan 11 04:45:36 +0000 2023",7,"en"
"Wed Jan 11 04:45:36 +0000 2023",8979,"en"
"Wed Jan 11 04:45:36 +0000 2023",347,"en"
"Wed Jan 11 04:45:35 +0000 2023",15,"en"
"Wed Jan 11 04:45:35 +0000 2023",7610,"en"
"Wed Jan 11 04:45:35 +0000 2023",7610,"en"
"Wed Jan 11 04:45:34 +0000 2023",0,"en"
"Wed Jan 11 04:45:34 +0000 2023",9,"en"
"Wed Jan 11 04:45:34 +0000 2023",1,"en"
"Wed Jan 11 04:45:34 +0000 2023",892,"en"
"Wed Jan 11 04:45:34 +0000 2023",0,"en"
"Wed Jan 11 04:45:34 +0000 2023",386,"en"
"Wed Jan 11 04:45:34 +0000 2023",398,"en"
"Wed Jan 11 04:45:33 +0000 2023",23,"en"
"Wed Jan 11 04:45:32 +0000 2023",12,"en"
"Wed Jan 11 04:45:32 +0000 2023",3843,"en"
"Wed Jan 11 04:45:32 +0000 2023",7722,"en"
"Wed Jan 11 04:45:31 +0000 2023",2333,"en"
"Wed Jan 11 04:45:31 +0000 2023",218,"en"
"Wed Jan 11 04:45:31 +0000 2023",0,"en"
"Wed Jan 11 04:45:31 +0000 2023",0,"en"
"Wed Jan 11 04:45:31 +0000 2023",0,"en"
"Wed Jan 11 04:45:30 +0000 2023",239,"en"
"Wed Jan 11 04:45:30 +0000 2023",32,"en"
"Wed Jan 11 04:45:29 +0000 2023",4424,"en"
"Wed Jan 11 04:45:29 +0000 2023",226,"en"
"Wed Jan 11 04:45:29 +0000 2023",3843,"en"
"Wed Jan 11 04:45:29 +0000 2023",7610,"en"
"Wed Jan 11 04:45:29 +0000 2023",0,"en"
"Wed Jan 11 04:45:28 +0000 2023",2427,"en"
"Wed Jan 11 04:45:28 +0000 2023",13,"en"
"Wed Jan 11 04:45:28 +0000 2023",2614,"en"
"Wed Jan 11 04:45:28 +0000 2023",0,"en"
"Wed Jan 11 04:45:28 +0000 2023",15,"en"
"Wed Jan 11 04:45:28 +0000 2023",0,"en"
"Wed Jan 11 04:45:28 +0000 2023",882,"en"
"Wed Jan 11 04:45:28 +0000 2023",0,"en"
"Wed Jan 11 04:45:27 +0000 2023",8979,"en"
"Wed Jan 11 04:45:27 +0000 2023",7610,"en"
"Wed Jan 11 04:45:26 +0000 2023",7610,"en"
"Wed Jan 11 04:45:26 +0000 2023",1438,"en"
"Wed Jan 11 04:45:25 +0000 2023",2259,"en"
"Wed Jan 11 04:45:25 +0000 2023",0,"en"
"Wed Jan 11 04:45:24 +0000 2023",1634,"en"
"Wed Jan 11 04:45:24 +0000 2023",0,"en"
"Wed Jan 11 04:45:24 +0000 2023",83,"en"
"Wed Jan 11 04:45:24 +0000 2023",5117,"en"
"Wed Jan 11 04:45:24 +0000 2023",1947,"en"
"Wed Jan 11 04:45:23 +0000 2023",287,"en"
"Wed Jan 11 04:45:23 +0000 2023",581,"en"
"Wed Jan 11 04:45:23 +0000 2023",4424,"en"
"Wed Jan 11 04:45:22 +0000 2023",0,"en"
"Wed Jan 11 04:45:22 +0000 2023",4424,"en"
"Wed Jan 11 04:45:22 +0000 2023",0,"en"
"Wed Jan 11 04:45:22 +0000 2023",8,"en"
"Wed Jan 11 04:45:21 +0000 2023",105,"en"
"Wed Jan 11 04:45:21 +0000 2023",1512,"en"
"Wed Jan 11 04:45:21 +0000 2023",2981,"en"
"Wed Jan 11 04:45:21 +0000 2023",0,"en"
"Wed Jan 11 04:45:20 +0000 2023",24,"en"
"Wed Jan 11 04:45:20 +0000 2023",2157,"en"
"Wed Jan 11 04:45:20 +0000 2023",6,"en"
"Wed Jan 11 04:45:20 +0000 2023",259,"en"
"Wed Jan 11 04:45:20 +0000 2023",439,"en"
"Wed Jan 11 04:45:20 +0000 2023",882,"en"
"Wed Jan 11 04:45:20 +0000 2023",2981,"en"
"Wed Jan 11 04:45:20 +0000 2023",2524,"en"
"Wed Jan 11 04:45:19 +0000 2023",170,"en"
"Wed Jan 11 04:45:19 +0000 2023",383,"en"
"Wed Jan 11 04:45:19 +0000 2023",7610,"en"
"Wed Jan 11 04:45:19 +0000 2023",7722,"en"
"Wed Jan 11 04:45:19 +0000 2023",28920,"en"
"Wed Jan 11 04:45:18 +0000 2023",120,"en"
"Wed Jan 11 04:45:18 +0000 2023",4424,"en"
"Wed Jan 11 04:45:18 +0000 2023",0,"en"
"Wed Jan 11 04:45:17 +0000 2023",4,"en"
"Wed Jan 11 04:45:17 +0000 2023",793,"en"
"Wed Jan 11 04:45:17 +0000 2023",0,"en"
